{
	"name": "pointer",
	"title": "Pointer",
	"description": "Let players show a cursor to everyone on demand and allows to ping a certain position. <br>Default Key: X <br> Left click to Ping while pressing X<br> Right click while pressing X to force players to your view (GM only).",
	"version": "1.4.7",
	"author": "Moerill",
	"scripts": ["./settings.js", "./pointer.js"],
	"minimumCoreVersion": "0.5.5",
	"socket": true,
	"manifest": "https://gitlab.com/moerills-fvtt-modules/pointer/raw/master/pointer/module.json",
	"download": "https://gitlab.com/moerills-fvtt-modules/pointer/raw/v1.4.7/pointer.zip",
	"url": "https://gitlab.com/moerills-fvtt-modules/pointer"
}
