{
	"name": "pointer-speech-bubble",
	"title": "Pointer: Speech Bubble Edition",
	"description": "Let players show a speech bubble to everyone on demand and allows to ping a certain position. <br>Default Key: X <br> Left click to Ping while pressing X<br> Right click while pressing X to force players to your view (GM only).",
	"version": "1.4.7",
	"author": "Moerill, Rigbale",
	"scripts": ["./settings.js", "./pointer.js"],
	"minimumCoreVersion": "0.5.5",
	"socket": true,
	"manifest": "https://raw.githubusercontent.com/Rigbale/Speech-Bubbles-FoundryVTT/master/module.json",
	"download": "https://raw.githubusercontent.com/Rigbale/Speech-Bubbles-FoundryVTT/master/pointer.zip",
	"url": "https://raw.githubusercontent.com/Rigbale/Speech-Bubbles-FoundryVTT/master/module.json"
}
